id,target
tensor(0),1
tensor(2),1
tensor(3),1
tensor(9),1
tensor(11),1
tensor(12),1
tensor(21),0
tensor(22),0
tensor(27),0
tensor(29),0
tensor(30),1
tensor(35),0
tensor(42),0
tensor(43),0
tensor(45),0
tensor(46),1
tensor(47),0
tensor(51),1
tensor(58),0
tensor(60),0
tensor(69),1
tensor(70),0
tensor(72),0
tensor(75),1
tensor(84),1
tensor(87),0
tensor(88),0
tensor(90),1
tensor(94),0
tensor(99),1
tensor(101),0
tensor(103),0
tensor(106),0
tensor(108),1
tensor(111),1
tensor(115),0
tensor(116),1
tensor(122),0
tensor(123),0
tensor(124),1
tensor(125),0
tensor(127),1
tensor(140),1
tensor(142),1
tensor(147),0
tensor(148),0
tensor(150),0
tensor(152),0
tensor(154),1
tensor(155),0
tensor(166),0
tensor(167),0
tensor(169),1
tensor(177),0
tensor(179),0
tensor(181),0
tensor(186),0
tensor(188),0
tensor(189),0
tensor(192),0
tensor(200),1
tensor(202),0
tensor(206),1
tensor(207),1
tensor(214),1
tensor(217),1
tensor(223),0
tensor(224),1
tensor(227),1
tensor(228),1
tensor(230),0
tensor(233),1
tensor(234),1
tensor(236),1
tensor(239),1
tensor(250),1
tensor(255),0
tensor(257),0
tensor(259),0
tensor(275),1
tensor(278),0
tensor(282),0
tensor(284),0
tensor(286),1
tensor(288),1
tensor(292),1
tensor(295),0
tensor(300),1
tensor(304),1
tensor(305),1
tensor(306),0
tensor(308),0
tensor(311),0
tensor(317),0
tensor(319),0
tensor(323),0
tensor(324),0
tensor(325),1
tensor(326),1
tensor(333),0
tensor(339),1
tensor(342),0
tensor(343),1
tensor(350),0
tensor(351),1
tensor(357),0
tensor(359),1
tensor(362),0
tensor(366),0
tensor(367),1
tensor(369),1
tensor(373),0
tensor(374),0
tensor(376),0
tensor(377),1
tensor(378),1
tensor(379),1
tensor(382),1
tensor(385),1
tensor(387),0
tensor(388),1
tensor(391),1
tensor(392),1
tensor(395),1
tensor(399),1
tensor(400),0
tensor(403),0
tensor(405),0
tensor(408),0
tensor(411),1
tensor(414),0
tensor(416),0
tensor(417),1
tensor(422),0
tensor(425),0
tensor(428),0
tensor(430),1
tensor(431),0
tensor(433),0
tensor(434),0
tensor(439),1
tensor(441),0
tensor(449),0
tensor(458),0
tensor(460),0
tensor(464),0
tensor(473),1
tensor(488),0
tensor(491),0
tensor(494),1
tensor(497),0
tensor(500),0
tensor(505),0
tensor(507),0
tensor(508),0
tensor(510),0
tensor(511),0
tensor(515),0
tensor(525),0
tensor(529),0
tensor(532),0
tensor(534),0
tensor(537),0
tensor(539),0
tensor(541),0
tensor(545),0
tensor(547),1
tensor(548),1
tensor(549),1
tensor(553),1
tensor(554),1
tensor(555),1
tensor(557),1
tensor(562),0
tensor(566),1
tensor(572),1
tensor(573),1
tensor(582),1
tensor(586),1
tensor(587),0
tensor(590),1
tensor(591),0
tensor(593),0
tensor(595),1
tensor(596),1
tensor(597),0
tensor(601),0
tensor(602),0
tensor(605),1
tensor(610),1
tensor(616),0
tensor(618),1
tensor(620),1
tensor(626),0
tensor(627),0
tensor(629),0
tensor(632),1
tensor(634),1
tensor(639),1
tensor(645),1
tensor(647),1
tensor(648),0
tensor(650),0
tensor(663),0
tensor(666),1
tensor(668),0
tensor(670),1
tensor(673),1
tensor(676),0
tensor(678),0
tensor(692),0
tensor(693),1
tensor(694),0
tensor(695),1
tensor(696),1
tensor(698),1
tensor(701),1
tensor(703),1
tensor(707),1
tensor(708),1
tensor(711),1
tensor(715),1
tensor(718),0
tensor(722),0
tensor(723),0
tensor(733),1
tensor(741),1
tensor(742),1
tensor(743),0
tensor(747),0
tensor(749),0
tensor(750),0
tensor(756),0
tensor(757),0
tensor(760),1
tensor(764),0
tensor(765),0
tensor(766),0
tensor(768),0
tensor(769),0
tensor(771),0
tensor(772),0
tensor(776),0
tensor(778),0
tensor(780),0
tensor(785),0
tensor(789),0
tensor(792),0
tensor(793),0
tensor(811),1
tensor(813),0
tensor(816),0
tensor(821),0
tensor(824),0
tensor(825),0
tensor(827),0
tensor(830),1
tensor(831),1
tensor(839),1
tensor(844),0
tensor(847),1
tensor(850),1
tensor(854),1
tensor(855),0
tensor(858),1
tensor(861),1
tensor(862),0
tensor(865),0
tensor(869),1
tensor(879),1
tensor(880),1
tensor(887),1
tensor(889),1
tensor(897),1
tensor(900),1
tensor(901),0
tensor(904),1
tensor(908),1
tensor(909),1
tensor(910),1
tensor(913),1
tensor(914),1
tensor(917),1
tensor(918),1
tensor(920),1
tensor(922),0
tensor(924),0
tensor(925),0
tensor(927),0
tensor(933),0
tensor(937),0
tensor(943),0
tensor(949),0
tensor(950),1
tensor(954),0
tensor(966),0
tensor(967),0
tensor(969),0
tensor(970),1
tensor(973),0
tensor(975),0
tensor(980),0
tensor(988),0
tensor(989),0
tensor(995),0
tensor(1000),0
tensor(1003),0
tensor(1007),0
tensor(1011),0
tensor(1012),0
tensor(1013),1
tensor(1014),0
tensor(1016),1
tensor(1019),0
tensor(1025),0
tensor(1027),0
tensor(1028),1
tensor(1030),0
tensor(1033),0
tensor(1034),1
tensor(1039),0
tensor(1046),0
tensor(1047),0
tensor(1053),0
tensor(1055),0
tensor(1056),0
tensor(1059),1
tensor(1060),0
tensor(1063),0
tensor(1064),0
tensor(1068),0
tensor(1076),0
tensor(1086),0
tensor(1087),0
tensor(1089),0
tensor(1092),0
tensor(1095),0
tensor(1096),0
tensor(1097),0
tensor(1100),0
tensor(1101),0
tensor(1107),0
tensor(1108),0
tensor(1111),0
tensor(1115),0
tensor(1116),0
tensor(1121),0
tensor(1125),0
tensor(1127),0
tensor(1131),0
tensor(1133),0
tensor(1135),0
tensor(1137),0
tensor(1140),0
tensor(1144),0
tensor(1147),0
tensor(1148),0
tensor(1150),0
tensor(1158),0
tensor(1159),0
tensor(1161),0
tensor(1163),0
tensor(1165),0
tensor(1169),0
tensor(1171),1
tensor(1172),0
tensor(1176),0
tensor(1180),0
tensor(1184),0
tensor(1186),0
tensor(1187),0
tensor(1192),0
tensor(1193),0
tensor(1194),0
tensor(1197),0
tensor(1200),0
tensor(1205),0
tensor(1210),0
tensor(1216),0
tensor(1220),0
tensor(1231),0
tensor(1233),0
tensor(1246),0
tensor(1247),0
tensor(1248),0
tensor(1255),0
tensor(1256),0
tensor(1257),0
tensor(1258),0
tensor(1260),0
tensor(1261),0
tensor(1265),0
tensor(1266),0
tensor(1268),0
tensor(1274),0
tensor(1281),0
tensor(1285),0
tensor(1286),0
tensor(1291),0
tensor(1292),0
tensor(1295),0
tensor(1299),0
tensor(1306),0
tensor(1310),0
tensor(1311),0
tensor(1313),0
tensor(1314),0
tensor(1322),0
tensor(1323),0
tensor(1325),0
tensor(1329),0
tensor(1330),0
tensor(1333),0
tensor(1336),0
tensor(1339),0
tensor(1342),0
tensor(1344),0
tensor(1355),1
tensor(1357),0
tensor(1358),0
tensor(1359),0
tensor(1364),0
tensor(1366),0
tensor(1367),0
tensor(1370),1
tensor(1373),0
tensor(1377),0
tensor(1386),0
tensor(1387),0
tensor(1392),0
tensor(1397),0
tensor(1398),0
tensor(1400),0
tensor(1403),0
tensor(1404),0
tensor(1410),0
tensor(1413),0
tensor(1416),0
tensor(1417),0
tensor(1423),0
tensor(1424),0
tensor(1426),0
tensor(1427),0
tensor(1428),0
tensor(1430),0
tensor(1434),0
tensor(1435),1
tensor(1437),0
tensor(1438),0
tensor(1442),0
tensor(1446),0
tensor(1451),0
tensor(1457),0
tensor(1461),0
tensor(1462),0
tensor(1465),0
tensor(1468),0
tensor(1469),0
tensor(1471),0
tensor(1476),0
tensor(1478),0
tensor(1481),0
tensor(1489),0
tensor(1490),0
tensor(1492),0
tensor(1496),0
tensor(1512),0
tensor(1516),0
tensor(1517),0
tensor(1528),0
tensor(1529),1
tensor(1536),1
tensor(1539),0
tensor(1541),0
tensor(1542),0
tensor(1548),1
tensor(1550),1
tensor(1551),1
tensor(1552),1
tensor(1557),1
tensor(1563),1
tensor(1564),0
tensor(1565),0
tensor(1566),1
tensor(1571),0
tensor(1578),0
tensor(1581),0
tensor(1583),1
tensor(1584),0
tensor(1586),1
tensor(1589),1
tensor(1592),1
tensor(1598),1
tensor(1606),1
tensor(1612),0
tensor(1616),1
tensor(1620),0
tensor(1624),0
tensor(1629),1
tensor(1630),1
tensor(1635),1
tensor(1640),1
tensor(1641),1
tensor(1642),1
tensor(1651),1
tensor(1655),1
tensor(1656),1
tensor(1659),1
tensor(1664),1
tensor(1667),1
tensor(1668),1
tensor(1674),1
tensor(1678),0
tensor(1680),1
tensor(1681),1
tensor(1682),1
tensor(1685),1
tensor(1695),1
tensor(1696),1
tensor(1697),0
tensor(1704),1
tensor(1708),1
tensor(1711),1
tensor(1713),1
tensor(1714),1
tensor(1717),1
tensor(1729),1
tensor(1730),0
tensor(1732),0
tensor(1734),1
tensor(1736),1
tensor(1738),0
tensor(1742),1
tensor(1743),1
tensor(1746),0
tensor(1748),1
tensor(1749),0
tensor(1751),1
tensor(1758),0
tensor(1764),1
tensor(1765),1
tensor(1777),1
tensor(1778),0
tensor(1781),1
tensor(1782),1
tensor(1783),1
tensor(1785),0
tensor(1788),1
tensor(1793),1
tensor(1794),1
tensor(1795),1
tensor(1797),1
tensor(1800),1
tensor(1801),1
tensor(1805),1
tensor(1806),1
tensor(1819),1
tensor(1820),1
tensor(1825),1
tensor(1828),1
tensor(1829),0
tensor(1830),1
tensor(1839),1
tensor(1843),0
tensor(1844),0
tensor(1846),0
tensor(1849),0
tensor(1850),0
tensor(1854),0
tensor(1855),0
tensor(1858),1
tensor(1859),0
tensor(1862),0
tensor(1867),0
tensor(1868),0
tensor(1871),1
tensor(1872),0
tensor(1874),1
tensor(1876),0
tensor(1879),0
tensor(1884),1
tensor(1891),0
tensor(1894),0
tensor(1896),0
tensor(1902),0
tensor(1903),0
tensor(1904),0
tensor(1906),1
tensor(1907),0
tensor(1912),0
tensor(1913),0
tensor(1923),1
tensor(1926),0
tensor(1928),0
tensor(1930),1
tensor(1931),0
tensor(1934),0
tensor(1936),0
tensor(1944),1
tensor(1946),0
tensor(1947),1
tensor(1958),1
tensor(1964),0
tensor(1970),0
tensor(1974),0
tensor(1977),1
tensor(1978),1
tensor(1982),1
tensor(1984),1
tensor(1988),1
tensor(1993),1
tensor(1997),1
tensor(1998),1
tensor(2002),0
tensor(2004),1
tensor(2005),1
tensor(2008),1
tensor(2011),1
tensor(2013),0
tensor(2018),1
tensor(2021),1
tensor(2025),1
tensor(2029),1
tensor(2030),1
tensor(2032),0
tensor(2037),1
tensor(2041),1
tensor(2044),1
tensor(2048),1
tensor(2052),1
tensor(2053),1
tensor(2054),1
tensor(2062),0
tensor(2065),0
tensor(2066),0
tensor(2072),1
tensor(2079),1
tensor(2080),0
tensor(2085),0
tensor(2088),1
tensor(2090),0
tensor(2092),1
tensor(2093),0
tensor(2101),0
tensor(2104),0
tensor(2105),0
tensor(2106),0
tensor(2107),0
tensor(2120),0
tensor(2124),0
tensor(2127),0
tensor(2130),0
tensor(2132),0
tensor(2135),0
tensor(2137),1
tensor(2140),0
tensor(2143),0
tensor(2147),0
tensor(2151),0
tensor(2152),1
tensor(2155),0
tensor(2156),0
tensor(2162),0
tensor(2165),1
tensor(2166),1
tensor(2167),0
tensor(2168),0
tensor(2170),0
tensor(2178),1
tensor(2180),0
tensor(2182),0
tensor(2184),0
tensor(2185),1
tensor(2187),0
tensor(2196),0
tensor(2197),1
tensor(2199),0
tensor(2200),0
tensor(2201),0
tensor(2202),1
tensor(2206),0
tensor(2208),1
tensor(2218),0
tensor(2223),1
tensor(2224),1
tensor(2226),0
tensor(2228),1
tensor(2232),1
tensor(2234),1
tensor(2243),1
tensor(2247),0
tensor(2249),1
tensor(2252),1
tensor(2253),1
tensor(2259),0
tensor(2261),0
tensor(2264),0
tensor(2268),0
tensor(2269),0
tensor(2270),0
tensor(2276),1
tensor(2283),0
tensor(2287),1
tensor(2290),0
tensor(2291),0
tensor(2293),0
tensor(2295),0
tensor(2302),0
tensor(2305),1
tensor(2310),1
tensor(2313),1
tensor(2316),1
tensor(2320),0
tensor(2322),1
tensor(2323),1
tensor(2326),0
tensor(2328),1
tensor(2331),0
tensor(2335),1
tensor(2338),0
tensor(2343),1
tensor(2344),0
tensor(2345),1
tensor(2353),1
tensor(2355),0
tensor(2357),0
tensor(2360),1
tensor(2365),0
tensor(2369),0
tensor(2371),0
tensor(2378),0
tensor(2380),1
tensor(2381),0
tensor(2383),1
tensor(2384),1
tensor(2392),1
tensor(2393),1
tensor(2401),1
tensor(2403),1
tensor(2404),0
tensor(2405),0
tensor(2407),0
tensor(2411),0
tensor(2424),0
tensor(2426),0
tensor(2431),0
tensor(2433),0
tensor(2434),0
tensor(2436),0
tensor(2439),0
tensor(2444),0
tensor(2447),0
tensor(2448),0
tensor(2449),0
tensor(2450),0
tensor(2461),1
tensor(2469),0
tensor(2472),0
tensor(2473),0
tensor(2474),0
tensor(2477),0
tensor(2481),1
tensor(2484),0
tensor(2495),0
tensor(2503),0
tensor(2509),1
tensor(2511),1
tensor(2518),1
tensor(2522),1
tensor(2525),1
tensor(2526),1
tensor(2529),1
tensor(2533),1
tensor(2549),0
tensor(2551),0
tensor(2558),1
tensor(2562),1
tensor(2563),1
tensor(2567),0
tensor(2574),1
tensor(2577),0
tensor(2578),0
tensor(2580),0
tensor(2581),0
tensor(2583),1
tensor(2584),0
tensor(2586),1
tensor(2589),0
tensor(2595),0
tensor(2596),0
tensor(2600),1
tensor(2601),1
tensor(2607),0
tensor(2610),0
tensor(2613),0
tensor(2615),1
tensor(2618),0
tensor(2620),0
tensor(2623),1
tensor(2626),1
tensor(2630),0
tensor(2634),1
tensor(2636),1
tensor(2638),0
tensor(2639),1
tensor(2646),0
tensor(2650),1
tensor(2652),0
tensor(2653),0
tensor(2654),0
tensor(2662),0
tensor(2665),0
tensor(2669),0
tensor(2674),0
tensor(2678),0
tensor(2681),0
tensor(2685),0
tensor(2686),0
tensor(2690),0
tensor(2697),0
tensor(2699),0
tensor(2704),0
tensor(2705),0
tensor(2710),0
tensor(2712),0
tensor(2713),0
tensor(2716),0
tensor(2717),0
tensor(2718),1
tensor(2721),0
tensor(2722),0
tensor(2735),0
tensor(2737),0
tensor(2738),0
tensor(2742),0
tensor(2745),0
tensor(2746),0
tensor(2747),0
tensor(2750),0
tensor(2751),0
tensor(2754),0
tensor(2762),0
tensor(2764),0
tensor(2772),0
tensor(2775),0
tensor(2776),0
tensor(2779),0
tensor(2781),0
tensor(2789),0
tensor(2790),0
tensor(2791),0
tensor(2798),0
tensor(2800),0
tensor(2804),1
tensor(2805),0
tensor(2806),0
tensor(2809),1
tensor(2810),1
tensor(2812),1
tensor(2814),1
tensor(2816),1
tensor(2818),1
tensor(2823),0
tensor(2824),1
tensor(2834),1
tensor(2837),1
tensor(2840),0
tensor(2845),1
tensor(2847),1
tensor(2848),1
tensor(2850),1
tensor(2859),0
tensor(2862),1
tensor(2868),1
tensor(2874),0
tensor(2876),0
tensor(2892),0
tensor(2894),1
tensor(2897),0
tensor(2901),0
tensor(2903),0
tensor(2904),0
tensor(2906),0
tensor(2914),0
tensor(2918),0
tensor(2919),0
tensor(2923),0
tensor(2926),0
tensor(2928),0
tensor(2930),0
tensor(2938),1
tensor(2940),0
tensor(2949),0
tensor(2951),1
tensor(2958),0
tensor(2961),0
tensor(2962),0
tensor(2964),0
tensor(2966),0
tensor(2967),0
tensor(2968),0
tensor(2972),0
tensor(2977),1
tensor(2978),0
tensor(2979),0
tensor(2981),0
tensor(2985),0
tensor(2986),0
tensor(2989),1
tensor(2994),0
tensor(2996),1
tensor(2997),0
tensor(2999),0
tensor(3002),0
tensor(3007),0
tensor(3008),0
tensor(3017),0
tensor(3020),0
tensor(3024),0
tensor(3028),0
tensor(3031),1
tensor(3032),1
tensor(3033),1
tensor(3035),0
tensor(3040),1
tensor(3041),0
tensor(3046),1
tensor(3050),0
tensor(3063),0
tensor(3065),0
tensor(3067),0
tensor(3069),1
tensor(3076),0
tensor(3078),0
tensor(3081),0
tensor(3087),1
tensor(3088),1
tensor(3094),0
tensor(3096),1
tensor(3098),1
tensor(3103),1
tensor(3110),1
tensor(3113),1
tensor(3121),1
tensor(3127),1
tensor(3128),1
tensor(3129),1
tensor(3135),1
tensor(3143),1
tensor(3146),1
tensor(3148),1
tensor(3149),1
tensor(3151),1
tensor(3156),0
tensor(3160),0
tensor(3164),0
tensor(3169),0
tensor(3178),0
tensor(3187),0
tensor(3194),0
tensor(3202),0
tensor(3203),0
tensor(3204),0
tensor(3206),1
tensor(3207),0
tensor(3208),0
tensor(3209),1
tensor(3213),0
tensor(3214),0
tensor(3215),0
tensor(3220),0
tensor(3223),0
tensor(3224),0
tensor(3226),0
tensor(3228),0
tensor(3230),0
tensor(3232),0
tensor(3233),0
tensor(3234),0
tensor(3238),0
tensor(3246),0
tensor(3247),1
tensor(3250),1
tensor(3251),0
tensor(3254),0
tensor(3257),1
tensor(3258),0
tensor(3261),0
tensor(3267),0
tensor(3268),0
tensor(3269),0
tensor(3271),0
tensor(3272),0
tensor(3273),0
tensor(3279),0
tensor(3290),0
tensor(3291),0
tensor(3293),0
tensor(3294),1
tensor(3298),0
tensor(3305),1
tensor(3306),0
tensor(3307),0
tensor(3310),0
tensor(3313),0
tensor(3314),0
tensor(3315),0
tensor(3316),0
tensor(3321),1
tensor(3325),0
tensor(3326),0
tensor(3327),0
tensor(3330),1
tensor(3331),1
tensor(3332),0
tensor(3333),0
tensor(3343),0
tensor(3344),0
tensor(3348),0
tensor(3349),0
tensor(3350),0
tensor(3352),0
tensor(3353),0
tensor(3354),0
tensor(3358),1
tensor(3360),1
tensor(3366),0
tensor(3371),0
tensor(3374),0
tensor(3375),0
tensor(3378),1
tensor(3382),0
tensor(3384),0
tensor(3385),0
tensor(3386),0
tensor(3392),0
tensor(3399),0
tensor(3407),0
tensor(3409),0
tensor(3416),1
tensor(3420),0
tensor(3422),1
tensor(3424),0
tensor(3426),1
tensor(3427),0
tensor(3434),0
tensor(3438),0
tensor(3441),1
tensor(3442),0
tensor(3443),0
tensor(3444),0
tensor(3449),0
tensor(3453),1
tensor(3454),0
tensor(3456),1
tensor(3457),1
tensor(3458),1
tensor(3461),1
tensor(3467),1
tensor(3479),0
tensor(3488),1
tensor(3491),1
tensor(3496),1
tensor(3502),1
tensor(3507),1
tensor(3511),1
tensor(3515),1
tensor(3516),1
tensor(3538),1
tensor(3539),1
tensor(3541),1
tensor(3545),1
tensor(3546),1
tensor(3547),1
tensor(3551),1
tensor(3553),0
tensor(3556),0
tensor(3558),0
tensor(3559),0
tensor(3561),0
tensor(3562),0
tensor(3563),0
tensor(3564),0
tensor(3571),0
tensor(3574),0
tensor(3576),0
tensor(3577),0
tensor(3579),0
tensor(3580),0
tensor(3586),0
tensor(3590),1
tensor(3599),0
tensor(3600),0
tensor(3601),0
tensor(3605),1
tensor(3606),0
tensor(3612),0
tensor(3614),0
tensor(3615),0
tensor(3616),0
tensor(3620),1
tensor(3622),0
tensor(3624),0
tensor(3630),0
tensor(3644),1
tensor(3649),0
tensor(3651),0
tensor(3654),0
tensor(3665),0
tensor(3668),0
tensor(3671),0
tensor(3672),0
tensor(3673),0
tensor(3677),0
tensor(3678),0
tensor(3687),0
tensor(3688),0
tensor(3693),0
tensor(3698),0
tensor(3699),1
tensor(3701),1
tensor(3703),0
tensor(3706),0
tensor(3707),0
tensor(3709),1
tensor(3711),0
tensor(3714),0
tensor(3716),0
tensor(3720),1
tensor(3728),1
tensor(3731),0
tensor(3732),0
tensor(3733),1
tensor(3734),0
tensor(3740),1
tensor(3746),0
tensor(3749),0
tensor(3751),0
tensor(3755),0
tensor(3757),0
tensor(3762),1
tensor(3767),0
tensor(3769),0
tensor(3779),0
tensor(3781),0
tensor(3782),1
tensor(3783),1
tensor(3784),1
tensor(3790),0
tensor(3791),1
tensor(3792),1
tensor(3794),0
tensor(3799),0
tensor(3801),0
tensor(3804),0
tensor(3808),0
tensor(3809),0
tensor(3811),0
tensor(3813),0
tensor(3817),0
tensor(3818),0
tensor(3823),0
tensor(3843),0
tensor(3844),0
tensor(3846),0
tensor(3847),1
tensor(3852),0
tensor(3854),0
tensor(3856),0
tensor(3863),0
tensor(3865),1
tensor(3867),1
tensor(3871),0
tensor(3872),0
tensor(3878),0
tensor(3880),0
tensor(3881),1
tensor(3882),1
tensor(3883),0
tensor(3884),1
tensor(3885),0
tensor(3886),0
tensor(3890),1
tensor(3891),1
tensor(3898),1
tensor(3902),0
tensor(3909),0
tensor(3910),0
tensor(3912),0
tensor(3915),1
tensor(3918),0
tensor(3920),1
tensor(3925),0
tensor(3928),0
tensor(3929),0
tensor(3930),1
tensor(3931),0
tensor(3934),0
tensor(3939),0
tensor(3941),0
tensor(3942),0
tensor(3943),0
tensor(3946),0
tensor(3963),0
tensor(3965),1
tensor(3966),0
tensor(3971),1
tensor(3972),1
tensor(3974),1
tensor(3976),1
tensor(3978),0
tensor(3981),1
tensor(3985),0
tensor(3986),0
tensor(3987),1
tensor(3988),1
tensor(3991),1
tensor(3999),1
tensor(4001),0
tensor(4002),0
tensor(4004),1
tensor(4007),0
tensor(4009),1
tensor(4013),0
tensor(4015),0
tensor(4016),0
tensor(4023),0
tensor(4031),1
tensor(4035),1
tensor(4036),0
tensor(4037),0
tensor(4040),1
tensor(4048),1
tensor(4053),1
tensor(4056),1
tensor(4059),0
tensor(4066),1
tensor(4067),1
tensor(4069),1
tensor(4070),0
tensor(4071),0
tensor(4073),1
tensor(4074),0
tensor(4075),1
tensor(4082),1
tensor(4090),0
tensor(4099),1
tensor(4102),1
tensor(4106),0
tensor(4109),1
tensor(4110),1
tensor(4115),1
tensor(4118),1
tensor(4120),1
tensor(4125),1
tensor(4126),1
tensor(4130),1
tensor(4134),1
tensor(4136),0
tensor(4137),1
tensor(4144),0
tensor(4148),0
tensor(4151),0
tensor(4155),0
tensor(4162),0
tensor(4165),0
tensor(4169),0
tensor(4174),0
tensor(4179),0
tensor(4185),0
tensor(4186),0
tensor(4187),0
tensor(4188),0
tensor(4190),0
tensor(4192),0
tensor(4193),0
tensor(4194),0
tensor(4195),0
tensor(4196),0
tensor(4207),1
tensor(4208),1
tensor(4215),1
tensor(4217),1
tensor(4222),0
tensor(4223),1
tensor(4226),0
tensor(4228),0
tensor(4229),0
tensor(4231),1
tensor(4234),0
tensor(4236),1
tensor(4249),0
tensor(4254),1
tensor(4258),1
tensor(4259),0
tensor(4263),0
tensor(4267),0
tensor(4277),0
tensor(4278),0
tensor(4280),0
tensor(4283),0
tensor(4285),1
tensor(4286),1
tensor(4287),0
tensor(4290),1
tensor(4291),0
tensor(4294),1
tensor(4302),1
tensor(4308),1
tensor(4310),0
tensor(4311),1
tensor(4315),1
tensor(4316),0
tensor(4319),0
tensor(4331),0
tensor(4338),1
tensor(4339),1
tensor(4340),1
tensor(4344),0
tensor(4346),1
tensor(4347),1
tensor(4360),1
tensor(4364),1
tensor(4367),1
tensor(4369),1
tensor(4370),0
tensor(4371),0
tensor(4380),1
tensor(4386),0
tensor(4389),1
tensor(4390),1
tensor(4394),0
tensor(4399),0
tensor(4400),0
tensor(4404),0
tensor(4409),0
tensor(4414),0
tensor(4417),0
tensor(4418),0
tensor(4419),0
tensor(4420),0
tensor(4422),0
tensor(4429),0
tensor(4431),0
tensor(4433),0
tensor(4434),0
tensor(4439),0
tensor(4443),0
tensor(4446),0
tensor(4447),0
tensor(4453),0
tensor(4460),0
tensor(4461),1
tensor(4462),0
tensor(4467),0
tensor(4469),1
tensor(4473),0
tensor(4474),1
tensor(4475),0
tensor(4477),0
tensor(4481),0
tensor(4483),0
tensor(4484),0
tensor(4485),0
tensor(4495),0
tensor(4497),0
tensor(4500),0
tensor(4501),0
tensor(4502),0
tensor(4505),0
tensor(4506),0
tensor(4510),0
tensor(4512),1
tensor(4513),0
tensor(4532),0
tensor(4535),0
tensor(4536),0
tensor(4540),0
tensor(4545),1
tensor(4552),1
tensor(4554),1
tensor(4555),1
tensor(4558),1
tensor(4559),1
tensor(4560),0
tensor(4566),0
tensor(4570),0
tensor(4572),0
tensor(4574),0
tensor(4581),1
tensor(4583),1
tensor(4586),1
tensor(4591),1
tensor(4594),0
tensor(4603),1
tensor(4605),0
tensor(4612),1
tensor(4613),1
tensor(4615),0
tensor(4618),0
tensor(4621),0
tensor(4623),1
tensor(4626),0
tensor(4629),0
tensor(4633),0
tensor(4636),0
tensor(4638),0
tensor(4640),0
tensor(4643),0
tensor(4645),0
tensor(4647),1
tensor(4648),0
tensor(4651),0
tensor(4652),0
tensor(4653),0
tensor(4654),1
tensor(4660),0
tensor(4662),0
tensor(4663),0
tensor(4665),1
tensor(4668),0
tensor(4676),0
tensor(4683),1
tensor(4685),1
tensor(4686),0
tensor(4701),0
tensor(4718),0
tensor(4721),0
tensor(4727),0
tensor(4728),1
tensor(4733),1
tensor(4741),0
tensor(4743),1
tensor(4746),0
tensor(4751),1
tensor(4756),1
tensor(4761),1
tensor(4763),1
tensor(4764),1
tensor(4767),1
tensor(4772),1
tensor(4776),1
tensor(4780),1
tensor(4781),1
tensor(4792),1
tensor(4796),1
tensor(4801),1
tensor(4804),1
tensor(4805),1
tensor(4806),1
tensor(4811),1
tensor(4815),0
tensor(4816),1
tensor(4817),1
tensor(4818),1
tensor(4822),1
tensor(4824),1
tensor(4827),1
tensor(4837),0
tensor(4838),1
tensor(4839),1
tensor(4841),1
tensor(4851),1
tensor(4855),1
tensor(4861),0
tensor(4862),0
tensor(4863),0
tensor(4865),0
tensor(4871),0
tensor(4873),0
tensor(4880),0
tensor(4885),0
tensor(4886),0
tensor(4902),0
tensor(4904),0
tensor(4907),0
tensor(4916),1
tensor(4921),1
tensor(4925),0
tensor(4927),0
tensor(4928),1
tensor(4930),0
tensor(4932),0
tensor(4933),0
tensor(4937),1
tensor(4939),1
tensor(4941),0
tensor(4942),0
tensor(4947),0
tensor(4949),0
tensor(4950),0
tensor(4956),1
tensor(4960),0
tensor(4963),1
tensor(4965),1
tensor(4976),0
tensor(4977),0
tensor(4987),0
tensor(4991),1
tensor(4994),0
tensor(4999),1
tensor(5003),1
tensor(5006),0
tensor(5009),1
tensor(5011),1
tensor(5012),1
tensor(5014),0
tensor(5020),0
tensor(5021),1
tensor(5023),1
tensor(5026),0
tensor(5030),0
tensor(5031),1
tensor(5036),1
tensor(5042),1
tensor(5045),1
tensor(5048),1
tensor(5051),1
tensor(5053),1
tensor(5054),1
tensor(5057),0
tensor(5058),1
tensor(5066),1
tensor(5070),1
tensor(5077),1
tensor(5081),1
tensor(5084),0
tensor(5086),1
tensor(5090),1
tensor(5091),1
tensor(5093),0
tensor(5100),1
tensor(5108),1
tensor(5111),1
tensor(5112),1
tensor(5118),0
tensor(5121),1
tensor(5123),1
tensor(5129),1
tensor(5133),0
tensor(5143),0
tensor(5147),0
tensor(5151),1
tensor(5156),1
tensor(5158),1
tensor(5161),0
tensor(5163),0
tensor(5167),1
tensor(5173),1
tensor(5205),1
tensor(5214),0
tensor(5215),0
tensor(5216),0
tensor(5217),0
tensor(5225),0
tensor(5237),0
tensor(5239),0
tensor(5240),0
tensor(5241),0
tensor(5246),0
tensor(5250),1
tensor(5253),0
tensor(5258),0
tensor(5261),0
tensor(5268),0
tensor(5275),0
tensor(5277),0
tensor(5279),0
tensor(5288),0
tensor(5289),0
tensor(5294),1
tensor(5303),1
tensor(5307),0
tensor(5311),1
tensor(5312),0
tensor(5314),1
tensor(5318),0
tensor(5327),0
tensor(5329),1
tensor(5333),0
tensor(5334),1
tensor(5340),0
tensor(5348),0
tensor(5358),0
tensor(5360),0
tensor(5361),1
tensor(5363),1
tensor(5364),0
tensor(5369),1
tensor(5370),0
tensor(5374),1
tensor(5376),1
tensor(5388),0
tensor(5390),0
tensor(5393),1
tensor(5394),0
tensor(5395),1
tensor(5398),1
tensor(5399),1
tensor(5401),0
tensor(5402),1
tensor(5405),0
tensor(5414),0
tensor(5415),0
tensor(5419),0
tensor(5421),0
tensor(5422),0
tensor(5424),1
tensor(5427),1
tensor(5429),0
tensor(5431),1
tensor(5433),0
tensor(5434),1
tensor(5435),0
tensor(5436),0
tensor(5438),1
tensor(5440),0
tensor(5441),1
tensor(5447),0
tensor(5451),1
tensor(5453),1
tensor(5456),0
tensor(5457),0
tensor(5463),1
tensor(5464),0
tensor(5470),0
tensor(5472),0
tensor(5474),0
tensor(5478),0
tensor(5483),0
tensor(5490),0
tensor(5500),0
tensor(5504),0
tensor(5508),0
tensor(5511),0
tensor(5512),0
tensor(5513),1
tensor(5516),0
tensor(5523),0
tensor(5527),0
tensor(5530),0
tensor(5533),0
tensor(5536),1
tensor(5537),0
tensor(5542),0
tensor(5543),0
tensor(5546),0
tensor(5549),0
tensor(5550),0
tensor(5551),0
tensor(5562),0
tensor(5566),0
tensor(5568),1
tensor(5571),1
tensor(5572),1
tensor(5574),0
tensor(5583),0
tensor(5585),0
tensor(5591),1
tensor(5596),0
tensor(5597),0
tensor(5601),1
tensor(5606),1
tensor(5607),0
tensor(5610),0
tensor(5615),0
tensor(5616),1
tensor(5623),0
tensor(5630),1
tensor(5636),1
tensor(5637),1
tensor(5639),1
tensor(5640),1
tensor(5643),1
tensor(5648),0
tensor(5649),0
tensor(5660),0
tensor(5666),0
tensor(5667),1
tensor(5678),1
tensor(5679),0
tensor(5681),0
tensor(5682),1
tensor(5691),1
tensor(5696),1
tensor(5697),1
tensor(5700),0
tensor(5701),0
tensor(5702),1
tensor(5708),1
tensor(5709),1
tensor(5718),1
tensor(5723),1
tensor(5725),1
tensor(5728),1
tensor(5731),1
tensor(5735),1
tensor(5737),1
tensor(5738),1
tensor(5742),1
tensor(5747),0
tensor(5749),1
tensor(5750),0
tensor(5755),1
tensor(5756),1
tensor(5761),1
tensor(5762),1
tensor(5767),1
tensor(5768),0
tensor(5770),1
tensor(5773),0
tensor(5774),0
tensor(5779),1
tensor(5782),1
tensor(5785),0
tensor(5786),1
tensor(5787),1
tensor(5788),1
tensor(5796),0
tensor(5802),0
tensor(5806),1
tensor(5809),0
tensor(5810),0
tensor(5811),1
tensor(5813),1
tensor(5820),0
tensor(5823),0
tensor(5830),1
tensor(5831),0
tensor(5838),1
tensor(5839),1
tensor(5844),1
tensor(5846),1
tensor(5851),1
tensor(5852),1
tensor(5857),0
tensor(5859),1
tensor(5860),1
tensor(5862),1
tensor(5865),1
tensor(5866),1
tensor(5871),1
tensor(5872),1
tensor(5877),1
tensor(5878),1
tensor(5879),1
tensor(5880),0
tensor(5895),0
tensor(5897),0
tensor(5910),0
tensor(5914),0
tensor(5915),0
tensor(5917),0
tensor(5924),0
tensor(5926),0
tensor(5931),0
tensor(5936),0
tensor(5940),0
tensor(5941),0
tensor(5945),0
tensor(5946),1
tensor(5948),0
tensor(5951),0
tensor(5967),0
tensor(5968),0
tensor(5969),0
tensor(5970),0
tensor(5971),0
tensor(5973),0
tensor(5976),0
tensor(5977),0
tensor(5984),0
tensor(5986),1
tensor(5993),0
tensor(5994),1
tensor(6005),1
tensor(6006),1
tensor(6008),1
tensor(6010),1
tensor(6011),0
tensor(6014),0
tensor(6016),1
tensor(6018),0
tensor(6021),1
tensor(6025),1
tensor(6028),1
tensor(6029),1
tensor(6035),0
tensor(6040),0
tensor(6042),0
tensor(6044),0
tensor(6046),0
tensor(6052),0
tensor(6054),1
tensor(6062),1
tensor(6063),1
tensor(6067),1
tensor(6068),1
tensor(6077),0
tensor(6079),0
tensor(6080),1
tensor(6081),1
tensor(6082),1
tensor(6089),0
tensor(6095),1
tensor(6101),1
tensor(6107),0
tensor(6114),0
tensor(6117),0
tensor(6121),1
tensor(6122),1
tensor(6124),0
tensor(6129),0
tensor(6131),0
tensor(6136),1
tensor(6139),1
tensor(6142),0
tensor(6143),1
tensor(6144),1
tensor(6149),0
tensor(6155),1
tensor(6157),0
tensor(6158),0
tensor(6161),1
tensor(6168),1
tensor(6172),1
tensor(6176),1
tensor(6177),1
tensor(6179),0
tensor(6180),1
tensor(6182),0
tensor(6186),0
tensor(6189),0
tensor(6190),0
tensor(6194),1
tensor(6204),0
tensor(6205),0
tensor(6209),0
tensor(6210),0
tensor(6212),0
tensor(6214),1
tensor(6221),1
tensor(6225),1
tensor(6228),0
tensor(6229),0
tensor(6231),0
tensor(6235),1
tensor(6236),0
tensor(6237),1
tensor(6238),0
tensor(6239),0
tensor(6242),0
tensor(6249),0
tensor(6250),0
tensor(6251),0
tensor(6252),1
tensor(6260),0
tensor(6264),1
tensor(6266),0
tensor(6270),1
tensor(6275),0
tensor(6279),0
tensor(6280),0
tensor(6284),0
tensor(6285),0
tensor(6286),1
tensor(6287),1
tensor(6288),0
tensor(6289),1
tensor(6290),0
tensor(6291),1
tensor(6295),1
tensor(6298),1
tensor(6307),1
tensor(6308),0
tensor(6309),1
tensor(6313),1
tensor(6316),1
tensor(6319),1
tensor(6321),0
tensor(6324),0
tensor(6327),0
tensor(6333),1
tensor(6351),1
tensor(6352),1
tensor(6353),0
tensor(6357),1
tensor(6359),1
tensor(6360),1
tensor(6364),1
tensor(6367),1
tensor(6368),1
tensor(6377),1
tensor(6378),1
tensor(6379),1
tensor(6381),1
tensor(6390),1
tensor(6401),0
tensor(6408),1
tensor(6409),1
tensor(6411),0
tensor(6419),0
tensor(6424),1
tensor(6426),1
tensor(6428),0
tensor(6431),0
tensor(6432),1
tensor(6433),0
tensor(6435),1
tensor(6437),0
tensor(6439),1
tensor(6442),1
tensor(6444),1
tensor(6447),1
tensor(6456),1
tensor(6457),1
tensor(6460),1
tensor(6468),1
tensor(6471),1
tensor(6475),0
tensor(6476),1
tensor(6479),1
tensor(6483),1
tensor(6487),1
tensor(6488),0
tensor(6489),0
tensor(6496),1
tensor(6498),0
tensor(6502),0
tensor(6503),0
tensor(6507),1
tensor(6508),0
tensor(6509),1
tensor(6517),0
tensor(6521),0
tensor(6522),0
tensor(6524),0
tensor(6526),0
tensor(6531),1
tensor(6533),0
tensor(6538),0
tensor(6539),1
tensor(6544),1
tensor(6557),0
tensor(6558),0
tensor(6562),0
tensor(6563),0
tensor(6564),0
tensor(6574),0
tensor(6578),1
tensor(6581),1
tensor(6584),1
tensor(6587),0
tensor(6589),0
tensor(6590),0
tensor(6592),0
tensor(6595),0
tensor(6599),0
tensor(6600),0
tensor(6606),0
tensor(6609),0
tensor(6612),0
tensor(6615),0
tensor(6618),0
tensor(6620),0
tensor(6623),0
tensor(6633),0
tensor(6639),1
tensor(6640),0
tensor(6641),1
tensor(6645),0
tensor(6650),0
tensor(6651),0
tensor(6652),1
tensor(6657),0
tensor(6659),0
tensor(6666),1
tensor(6671),0
tensor(6673),1
tensor(6674),0
tensor(6677),0
tensor(6680),1
tensor(6684),0
tensor(6685),0
tensor(6691),0
tensor(6692),0
tensor(6696),1
tensor(6698),0
tensor(6704),0
tensor(6705),0
tensor(6710),0
tensor(6713),0
tensor(6715),0
tensor(6717),0
tensor(6718),0
tensor(6720),0
tensor(6728),0
tensor(6732),0
tensor(6733),0
tensor(6739),0
tensor(6740),1
tensor(6741),0
tensor(6743),0
tensor(6747),0
tensor(6750),1
tensor(6752),1
tensor(6753),0
tensor(6755),1
tensor(6761),0
tensor(6763),0
tensor(6768),0
tensor(6770),0
tensor(6771),0
tensor(6777),0
tensor(6778),0
tensor(6780),0
tensor(6782),0
tensor(6786),1
tensor(6791),0
tensor(6797),0
tensor(6798),0
tensor(6803),1
tensor(6805),0
tensor(6812),0
tensor(6816),0
tensor(6818),0
tensor(6822),0
tensor(6825),0
tensor(6826),0
tensor(6827),0
tensor(6829),0
tensor(6831),0
tensor(6836),1
tensor(6838),0
tensor(6840),0
tensor(6842),0
tensor(6846),0
tensor(6851),1
tensor(6853),1
tensor(6856),0
tensor(6859),0
tensor(6865),1
tensor(6866),1
tensor(6868),1
tensor(6869),1
tensor(6871),1
tensor(6873),0
tensor(6886),1
tensor(6887),0
tensor(6888),0
tensor(6889),1
tensor(6891),1
tensor(6894),1
tensor(6895),1
tensor(6899),1
tensor(6901),1
tensor(6902),1
tensor(6904),0
tensor(6906),0
tensor(6922),0
tensor(6923),0
tensor(6924),0
tensor(6927),1
tensor(6934),1
tensor(6938),1
tensor(6941),1
tensor(6942),0
tensor(6944),0
tensor(6947),0
tensor(6952),1
tensor(6957),1
tensor(6958),1
tensor(6964),1
tensor(6968),1
tensor(6969),1
tensor(6976),1
tensor(6982),1
tensor(6986),1
tensor(6987),1
tensor(6989),1
tensor(6991),1
tensor(6993),1
tensor(6995),0
tensor(6997),0
tensor(7000),0
tensor(7003),0
tensor(7004),0
tensor(7007),1
tensor(7011),0
tensor(7014),0
tensor(7016),0
tensor(7017),0
tensor(7020),0
tensor(7022),0
tensor(7028),0
tensor(7033),1
tensor(7034),1
tensor(7035),0
tensor(7038),0
tensor(7040),0
tensor(7041),0
tensor(7042),0
tensor(7045),0
tensor(7049),1
tensor(7055),0
tensor(7057),0
tensor(7062),0
tensor(7064),1
tensor(7066),0
tensor(7067),0
tensor(7072),0
tensor(7079),0
tensor(7082),1
tensor(7083),0
tensor(7084),0
tensor(7085),0
tensor(7087),0
tensor(7090),0
tensor(7094),0
tensor(7096),1
tensor(7099),0
tensor(7100),0
tensor(7101),0
tensor(7102),0
tensor(7103),0
tensor(7107),0
tensor(7110),0
tensor(7113),0
tensor(7117),0
tensor(7119),0
tensor(7123),0
tensor(7127),0
tensor(7133),1
tensor(7139),0
tensor(7143),0
tensor(7145),0
tensor(7151),1
tensor(7152),0
tensor(7153),0
tensor(7156),0
tensor(7162),1
tensor(7170),1
tensor(7172),0
tensor(7177),0
tensor(7181),1
tensor(7182),0
tensor(7189),0
tensor(7190),0
tensor(7200),1
tensor(7207),1
tensor(7209),1
tensor(7212),1
tensor(7216),0
tensor(7217),1
tensor(7219),1
tensor(7220),0
tensor(7222),1
tensor(7225),1
tensor(7233),0
tensor(7237),1
tensor(7238),1
tensor(7239),1
tensor(7240),1
tensor(7243),1
tensor(7245),1
tensor(7246),1
tensor(7249),1
tensor(7257),1
tensor(7258),0
tensor(7259),1
tensor(7262),1
tensor(7263),1
tensor(7269),1
tensor(7271),1
tensor(7273),1
tensor(7276),1
tensor(7279),1
tensor(7282),1
tensor(7284),1
tensor(7293),1
tensor(7298),1
tensor(7303),0
tensor(7304),1
tensor(7305),0
tensor(7308),1
tensor(7313),1
tensor(7314),1
tensor(7321),0
tensor(7322),1
tensor(7327),0
tensor(7333),0
tensor(7336),0
tensor(7339),0
tensor(7341),1
tensor(7346),0
tensor(7347),0
tensor(7349),0
tensor(7351),0
tensor(7353),0
tensor(7363),0
tensor(7364),0
tensor(7368),1
tensor(7370),1
tensor(7375),0
tensor(7376),1
tensor(7379),0
tensor(7382),0
tensor(7384),0
tensor(7385),0
tensor(7387),0
tensor(7388),0
tensor(7389),0
tensor(7394),0
tensor(7396),0
tensor(7398),0
tensor(7399),0
tensor(7401),0
tensor(7404),0
tensor(7406),1
tensor(7409),0
tensor(7411),0
tensor(7417),0
tensor(7420),0
tensor(7422),0
tensor(7423),0
tensor(7427),1
tensor(7429),0
tensor(7432),0
tensor(7435),0
tensor(7436),1
tensor(7440),1
tensor(7441),0
tensor(7445),0
tensor(7448),0
tensor(7449),0
tensor(7450),0
tensor(7454),0
tensor(7455),0
tensor(7460),0
tensor(7462),0
tensor(7464),0
tensor(7466),0
tensor(7468),0
tensor(7469),0
tensor(7471),0
tensor(7472),0
tensor(7483),0
tensor(7484),0
tensor(7485),0
tensor(7486),0
tensor(7487),0
tensor(7489),1
tensor(7492),0
tensor(7495),1
tensor(7499),1
tensor(7500),1
tensor(7506),1
tensor(7508),0
tensor(7509),1
tensor(7511),1
tensor(7516),1
tensor(7524),1
tensor(7538),1
tensor(7539),1
tensor(7541),1
tensor(7546),1
tensor(7549),1
tensor(7562),1
tensor(7564),1
tensor(7567),1
tensor(7572),1
tensor(7574),1
tensor(7575),1
tensor(7586),1
tensor(7592),1
tensor(7596),0
tensor(7597),0
tensor(7599),0
tensor(7606),1
tensor(7615),0
tensor(7618),0
tensor(7620),0
tensor(7624),0
tensor(7625),0
tensor(7629),1
tensor(7632),1
tensor(7636),0
tensor(7637),1
tensor(7646),0
tensor(7655),0
tensor(7658),0
tensor(7660),0
tensor(7664),1
tensor(7665),0
tensor(7666),0
tensor(7667),0
tensor(7673),0
tensor(7676),0
tensor(7682),0
tensor(7684),0
tensor(7690),0
tensor(7697),0
tensor(7700),0
tensor(7704),0
tensor(7705),0
tensor(7706),0
tensor(7708),0
tensor(7709),0
tensor(7710),1
tensor(7713),0
tensor(7716),0
tensor(7726),0
tensor(7729),0
tensor(7730),0
tensor(7732),0
tensor(7734),1
tensor(7740),0
tensor(7741),0
tensor(7745),1
tensor(7757),1
tensor(7762),0
tensor(7770),1
tensor(7776),0
tensor(7777),0
tensor(7778),1
tensor(7779),0
tensor(7782),0
tensor(7786),1
tensor(7791),0
tensor(7792),1
tensor(7794),0
tensor(7795),0
tensor(7796),0
tensor(7798),0
tensor(7805),0
tensor(7806),0
tensor(7808),0
tensor(7811),0
tensor(7814),0
tensor(7819),0
tensor(7820),0
tensor(7825),0
tensor(7829),0
tensor(7834),0
tensor(7836),0
tensor(7838),0
tensor(7841),0
tensor(7845),1
tensor(7846),0
tensor(7853),0
tensor(7856),0
tensor(7858),0
tensor(7859),1
tensor(7866),0
tensor(7875),1
tensor(7879),0
tensor(7884),0
tensor(7886),1
tensor(7890),1
tensor(7892),0
tensor(7896),1
tensor(7899),1
tensor(7900),1
tensor(7901),0
tensor(7904),1
tensor(7911),0
tensor(7917),0
tensor(7919),1
tensor(7920),1
tensor(7921),1
tensor(7922),0
tensor(7925),1
tensor(7927),1
tensor(7928),1
tensor(7931),0
tensor(7942),0
tensor(7946),1
tensor(7947),1
tensor(7948),1
tensor(7951),0
tensor(7956),1
tensor(7961),1
tensor(7964),1
tensor(7966),1
tensor(7967),0
tensor(7974),1
tensor(7975),0
tensor(7979),1
tensor(7985),1
tensor(7986),1
tensor(7993),0
tensor(7995),1
tensor(7997),0
tensor(7998),1
tensor(8004),1
tensor(8007),1
tensor(8011),0
tensor(8014),1
tensor(8022),0
tensor(8027),0
tensor(8033),0
tensor(8041),0
tensor(8042),1
tensor(8046),0
tensor(8048),0
tensor(8050),1
tensor(8051),1
tensor(8052),0
tensor(8053),1
tensor(8054),0
tensor(8059),0
tensor(8063),1
tensor(8072),0
tensor(8075),0
tensor(8076),0
tensor(8077),1
tensor(8078),0
tensor(8080),0
tensor(8082),0
tensor(8086),0
tensor(8090),1
tensor(8092),0
tensor(8093),0
tensor(8099),1
tensor(8104),1
tensor(8107),0
tensor(8108),0
tensor(8114),0
tensor(8115),1
tensor(8117),1
tensor(8123),1
tensor(8124),1
tensor(8127),1
tensor(8132),1
tensor(8134),1
tensor(8139),1
tensor(8145),1
tensor(8148),1
tensor(8151),1
tensor(8152),1
tensor(8153),1
tensor(8157),0
tensor(8160),1
tensor(8166),1
tensor(8167),1
tensor(8173),1
tensor(8174),1
tensor(8178),1
tensor(8179),1
tensor(8185),1
tensor(8186),1
tensor(8192),1
tensor(8193),0
tensor(8194),0
tensor(8197),0
tensor(8198),0
tensor(8199),0
tensor(8200),1
tensor(8206),0
tensor(8207),0
tensor(8220),0
tensor(8222),0
tensor(8227),0
tensor(8228),0
tensor(8229),1
tensor(8230),1
tensor(8233),1
tensor(8248),0
tensor(8249),1
tensor(8255),0
tensor(8260),1
tensor(8263),1
tensor(8265),1
tensor(8268),0
tensor(8269),1
tensor(8272),1
tensor(8273),1
tensor(8275),0
tensor(8277),0
tensor(8281),1
tensor(8282),1
tensor(8290),1
tensor(8293),1
tensor(8299),0
tensor(8302),0
tensor(8303),0
tensor(8305),0
tensor(8306),0
tensor(8307),0
tensor(8308),0
tensor(8313),0
tensor(8316),0
tensor(8319),0
tensor(8322),1
tensor(8323),1
tensor(8325),0
tensor(8326),0
tensor(8327),0
tensor(8328),1
tensor(8331),0
tensor(8333),1
tensor(8336),0
tensor(8338),0
tensor(8340),0
tensor(8342),0
tensor(8343),0
tensor(8353),0
tensor(8354),0
tensor(8357),0
tensor(8358),0
tensor(8359),0
tensor(8373),0
tensor(8376),0
tensor(8379),0
tensor(8380),0
tensor(8381),0
tensor(8384),0
tensor(8395),1
tensor(8398),1
tensor(8403),0
tensor(8407),1
tensor(8413),1
tensor(8417),1
tensor(8420),1
tensor(8421),0
tensor(8424),1
tensor(8426),1
tensor(8427),1
tensor(8438),1
tensor(8439),0
tensor(8442),0
tensor(8449),0
tensor(8456),0
tensor(8460),0
tensor(8462),0
tensor(8465),0
tensor(8466),0
tensor(8467),0
tensor(8469),0
tensor(8470),0
tensor(8474),0
tensor(8479),0
tensor(8481),0
tensor(8482),0
tensor(8485),0
tensor(8488),0
tensor(8492),1
tensor(8493),0
tensor(8495),0
tensor(8499),0
tensor(8501),0
tensor(8519),0
tensor(8521),0
tensor(8525),0
tensor(8527),0
tensor(8529),0
tensor(8532),0
tensor(8534),0
tensor(8535),0
tensor(8537),0
tensor(8544),0
tensor(8548),0
tensor(8549),0
tensor(8552),0
tensor(8554),0
tensor(8563),0
tensor(8564),0
tensor(8565),0
tensor(8566),0
tensor(8568),0
tensor(8569),0
tensor(8573),0
tensor(8583),0
tensor(8588),0
tensor(8590),0
tensor(8592),1
tensor(8593),0
tensor(8594),1
tensor(8597),0
tensor(8600),1
tensor(8601),0
tensor(8602),1
tensor(8603),1
tensor(8604),0
tensor(8605),1
tensor(8611),0
tensor(8614),0
tensor(8616),0
tensor(8617),1
tensor(8619),1
tensor(8626),1
tensor(8629),0
tensor(8630),0
tensor(8632),0
tensor(8634),1
tensor(8641),1
tensor(8645),0
tensor(8649),1
tensor(8652),1
tensor(8666),1
tensor(8671),0
tensor(8672),1
tensor(8675),1
tensor(8678),1
tensor(8679),1
tensor(8682),1
tensor(8687),1
tensor(8701),0
tensor(8703),0
tensor(8707),0
tensor(8713),0
tensor(8716),0
tensor(8719),0
tensor(8725),0
tensor(8730),0
tensor(8731),0
tensor(8748),0
tensor(8749),0
tensor(8756),0
tensor(8764),0
tensor(8765),0
tensor(8769),0
tensor(8771),0
tensor(8772),0
tensor(8773),0
tensor(8779),0
tensor(8792),0
tensor(8794),0
tensor(8796),0
tensor(8798),1
tensor(8803),0
tensor(8807),0
tensor(8809),0
tensor(8811),0
tensor(8813),0
tensor(8814),0
tensor(8818),0
tensor(8819),0
tensor(8820),1
tensor(8821),0
tensor(8822),0
tensor(8824),0
tensor(8826),0
tensor(8827),0
tensor(8828),0
tensor(8833),0
tensor(8834),0
tensor(8845),0
tensor(8847),0
tensor(8849),0
tensor(8861),0
tensor(8867),0
tensor(8868),0
tensor(8870),0
tensor(8873),0
tensor(8874),1
tensor(8876),0
tensor(8877),0
tensor(8879),0
tensor(8882),0
tensor(8884),0
tensor(8889),0
tensor(8891),0
tensor(8894),1
tensor(8895),0
tensor(8897),1
tensor(8898),0
tensor(8901),0
tensor(8904),0
tensor(8909),0
tensor(8910),1
tensor(8911),0
tensor(8915),0
tensor(8917),0
tensor(8918),0
tensor(8919),0
tensor(8922),0
tensor(8925),1
tensor(8928),0
tensor(8929),1
tensor(8930),0
tensor(8932),0
tensor(8937),0
tensor(8940),0
tensor(8943),0
tensor(8950),0
tensor(8951),1
tensor(8954),0
tensor(8958),1
tensor(8960),0
tensor(8964),1
tensor(8975),0
tensor(8977),0
tensor(8981),1
tensor(8982),0
tensor(8984),0
tensor(8988),0
tensor(8990),1
tensor(8991),0
tensor(8995),0
tensor(8997),0
tensor(9003),0
tensor(9004),0
tensor(9010),1
tensor(9011),1
tensor(9013),0
tensor(9014),0
tensor(9015),0
tensor(9017),0
tensor(9019),0
tensor(9021),0
tensor(9024),0
tensor(9032),0
tensor(9035),0
tensor(9036),1
tensor(9037),0
tensor(9043),1
tensor(9046),1
tensor(9048),1
tensor(9049),1
tensor(9050),1
tensor(9056),1
tensor(9063),0
tensor(9065),1
tensor(9066),1
tensor(9068),0
tensor(9069),1
tensor(9070),0
tensor(9073),1
tensor(9076),1
tensor(9091),0
tensor(9092),1
tensor(9104),1
tensor(9105),1
tensor(9108),1
tensor(9111),1
tensor(9115),1
tensor(9117),1
tensor(9122),1
tensor(9125),1
tensor(9127),1
tensor(9129),1
tensor(9133),1
tensor(9136),1
tensor(9138),1
tensor(9140),1
tensor(9147),1
tensor(9150),1
tensor(9152),1
tensor(9153),1
tensor(9155),1
tensor(9158),1
tensor(9160),1
tensor(9163),1
tensor(9165),1
tensor(9167),1
tensor(9168),1
tensor(9170),1
tensor(9176),1
tensor(9178),1
tensor(9184),1
tensor(9186),1
tensor(9188),1
tensor(9189),1
tensor(9190),1
tensor(9196),0
tensor(9198),1
tensor(9199),1
tensor(9200),1
tensor(9201),1
tensor(9202),1
tensor(9204),1
tensor(9205),1
tensor(9213),1
tensor(9214),1
tensor(9224),1
tensor(9227),1
tensor(9228),1
tensor(9229),1
tensor(9234),1
tensor(9236),1
tensor(9241),1
tensor(9243),0
tensor(9245),0
tensor(9256),1
tensor(9258),0
tensor(9261),0
tensor(9274),0
tensor(9279),0
tensor(9282),0
tensor(9284),0
tensor(9285),0
tensor(9291),0
tensor(9295),0
tensor(9299),0
tensor(9302),0
tensor(9304),0
tensor(9305),0
tensor(9306),0
tensor(9310),0
tensor(9312),0
tensor(9316),0
tensor(9318),0
tensor(9323),0
tensor(9326),0
tensor(9327),0
tensor(9328),0
tensor(9331),1
tensor(9335),0
tensor(9336),0
tensor(9340),0
tensor(9349),1
tensor(9352),1
tensor(9353),1
tensor(9354),1
tensor(9356),0
tensor(9357),0
tensor(9358),0
tensor(9359),0
tensor(9364),0
tensor(9366),1
tensor(9369),0
tensor(9370),0
tensor(9379),0
tensor(9381),0
tensor(9383),0
tensor(9389),1
tensor(9390),0
tensor(9392),1
tensor(9394),1
tensor(9398),1
tensor(9399),1
tensor(9400),0
tensor(9407),1
tensor(9409),1
tensor(9412),0
tensor(9413),1
tensor(9415),1
tensor(9419),1
tensor(9423),0
tensor(9424),1
tensor(9426),1
tensor(9427),1
tensor(9428),0
tensor(9429),0
tensor(9433),1
tensor(9437),1
tensor(9440),0
tensor(9442),1
tensor(9443),1
tensor(9444),0
tensor(9447),1
tensor(9459),0
tensor(9461),1
tensor(9462),1
tensor(9464),1
tensor(9473),1
tensor(9475),1
tensor(9476),1
tensor(9477),1
tensor(9478),1
tensor(9479),1
tensor(9483),1
tensor(9487),1
tensor(9494),1
tensor(9497),1
tensor(9498),1
tensor(9506),0
tensor(9512),1
tensor(9514),1
tensor(9515),1
tensor(9516),1
tensor(9517),1
tensor(9518),0
tensor(9521),1
tensor(9523),1
tensor(9527),1
tensor(9528),1
tensor(9530),0
tensor(9532),1
tensor(9534),1
tensor(9535),0
tensor(9536),1
tensor(9543),0
tensor(9544),0
tensor(9545),1
tensor(9546),0
tensor(9549),1
tensor(9558),0
tensor(9560),0
tensor(9561),1
tensor(9570),0
tensor(9573),0
tensor(9578),0
tensor(9584),0
tensor(9587),0
tensor(9588),0
tensor(9599),0
tensor(9601),0
tensor(9604),0
tensor(9614),1
tensor(9615),1
tensor(9621),1
tensor(9622),0
tensor(9623),1
tensor(9624),1
tensor(9626),1
tensor(9628),1
tensor(9630),0
tensor(9631),1
tensor(9633),1
tensor(9635),1
tensor(9637),1
tensor(9641),0
tensor(9647),1
tensor(9648),1
tensor(9649),1
tensor(9658),1
tensor(9662),1
tensor(9668),0
tensor(9671),0
tensor(9676),1
tensor(9677),1
tensor(9679),0
tensor(9682),1
tensor(9685),0
tensor(9689),1
tensor(9692),0
tensor(9693),0
tensor(9694),0
tensor(9696),0
tensor(9700),0
tensor(9711),1
tensor(9713),0
tensor(9720),0
tensor(9721),1
tensor(9725),0
tensor(9726),1
tensor(9727),0
tensor(9735),0
tensor(9740),1
tensor(9742),1
tensor(9743),0
tensor(9747),1
tensor(9748),1
tensor(9751),1
tensor(9758),1
tensor(9767),0
tensor(9768),0
tensor(9773),0
tensor(9777),0
tensor(9781),0
tensor(9784),0
tensor(9786),0
tensor(9789),0
tensor(9792),0
tensor(9793),0
tensor(9798),0
tensor(9799),0
tensor(9802),0
tensor(9803),1
tensor(9804),0
tensor(9805),0
tensor(9807),0
tensor(9809),0
tensor(9811),0
tensor(9814),0
tensor(9817),0
tensor(9821),1
tensor(9824),0
tensor(9825),0
tensor(9827),0
tensor(9839),1
tensor(9840),0
tensor(9843),0
tensor(9844),0
tensor(9845),0
tensor(9847),0
tensor(9848),1
tensor(9851),0
tensor(9852),0
tensor(9855),0
tensor(9856),0
tensor(9863),0
tensor(9867),0
tensor(9871),0
tensor(9876),1
tensor(9879),0
tensor(9882),0
tensor(9891),0
tensor(9892),0
tensor(9893),0
tensor(9895),0
tensor(9899),0
tensor(9900),0
tensor(9902),0
tensor(9903),0
tensor(9904),0
tensor(9908),0
tensor(9913),0
tensor(9914),1
tensor(9917),0
tensor(9922),1
tensor(9924),0
tensor(9926),0
tensor(9927),0
tensor(9928),0
tensor(9929),0
tensor(9936),0
tensor(9939),0
tensor(9947),0
tensor(9951),0
tensor(9954),0
tensor(9956),0
tensor(9957),0
tensor(9959),0
tensor(9962),0
tensor(9964),0
tensor(9966),0
tensor(9968),1
tensor(9969),0
tensor(9970),1
tensor(9975),0
tensor(9977),0
tensor(9981),0
tensor(9993),0
tensor(9996),1
tensor(9997),1
tensor(9999),1
tensor(10002),0
tensor(10007),1
tensor(10015),0
tensor(10019),1
tensor(10022),0
tensor(10024),0
tensor(10026),0
tensor(10033),0
tensor(10043),0
tensor(10046),0
tensor(10051),1
tensor(10053),0
tensor(10062),1
tensor(10063),1
tensor(10065),1
tensor(10068),1
tensor(10078),1
tensor(10086),1
tensor(10094),1
tensor(10095),1
tensor(10096),1
tensor(10097),1
tensor(10103),1
tensor(10104),1
tensor(10108),0
tensor(10122),0
tensor(10123),0
tensor(10128),0
tensor(10131),0
tensor(10133),0
tensor(10134),0
tensor(10135),0
tensor(10145),0
tensor(10148),0
tensor(10154),1
tensor(10155),0
tensor(10158),1
tensor(10160),1
tensor(10161),1
tensor(10162),1
tensor(10165),1
tensor(10166),1
tensor(10167),1
tensor(10170),1
tensor(10178),1
tensor(10180),0
tensor(10181),1
tensor(10185),1
tensor(10188),1
tensor(10190),1
tensor(10196),0
tensor(10200),1
tensor(10205),1
tensor(10211),0
tensor(10216),0
tensor(10219),1
tensor(10221),0
tensor(10225),0
tensor(10227),1
tensor(10228),1
tensor(10230),1
tensor(10232),1
tensor(10233),1
tensor(10235),0
tensor(10238),1
tensor(10240),1
tensor(10242),1
tensor(10248),0
tensor(10254),0
tensor(10257),0
tensor(10261),1
tensor(10262),0
tensor(10266),0
tensor(10267),1
tensor(10271),0
tensor(10277),0
tensor(10279),1
tensor(10281),0
tensor(10282),1
tensor(10285),0
tensor(10292),0
tensor(10298),0
tensor(10300),0
tensor(10309),0
tensor(10311),1
tensor(10312),0
tensor(10319),0
tensor(10324),1
tensor(10326),0
tensor(10328),0
tensor(10343),0
tensor(10346),0
tensor(10347),0
tensor(10353),0
tensor(10354),1
tensor(10356),1
tensor(10357),0
tensor(10362),0
tensor(10363),1
tensor(10370),1
tensor(10373),1
tensor(10386),1
tensor(10388),1
tensor(10389),0
tensor(10391),1
tensor(10397),0
tensor(10400),0
tensor(10403),0
tensor(10404),0
tensor(10408),0
tensor(10417),0
tensor(10425),0
tensor(10435),1
tensor(10437),1
tensor(10438),1
tensor(10440),0
tensor(10442),0
tensor(10447),1
tensor(10452),1
tensor(10453),1
tensor(10454),1
tensor(10459),1
tensor(10460),1
tensor(10463),0
tensor(10465),0
tensor(10469),1
tensor(10474),1
tensor(10475),1
tensor(10476),1
tensor(10477),1
tensor(10480),1
tensor(10491),0
tensor(10493),1
tensor(10494),1
tensor(10495),0
tensor(10497),1
tensor(10501),1
tensor(10504),0
tensor(10507),1
tensor(10509),1
tensor(10510),1
tensor(10512),1
tensor(10514),1
tensor(10526),1
tensor(10528),1
tensor(10530),1
tensor(10531),1
tensor(10532),1
tensor(10538),1
tensor(10539),0
tensor(10542),0
tensor(10547),0
tensor(10549),1
tensor(10556),0
tensor(10569),0
tensor(10572),0
tensor(10577),0
tensor(10579),1
tensor(10586),1
tensor(10594),1
tensor(10595),1
tensor(10597),0
tensor(10602),1
tensor(10604),1
tensor(10614),1
tensor(10617),0
tensor(10618),1
tensor(10619),1
tensor(10624),1
tensor(10633),1
tensor(10634),1
tensor(10635),0
tensor(10638),0
tensor(10639),0
tensor(10642),0
tensor(10643),0
tensor(10645),1
tensor(10646),0
tensor(10649),0
tensor(10652),1
tensor(10653),0
tensor(10654),0
tensor(10661),1
tensor(10664),1
tensor(10668),0
tensor(10670),0
tensor(10674),0
tensor(10683),0
tensor(10694),0
tensor(10697),0
tensor(10699),0
tensor(10701),0
tensor(10703),0
tensor(10713),0
tensor(10714),1
tensor(10716),0
tensor(10717),0
tensor(10719),0
tensor(10725),0
tensor(10728),0
tensor(10734),1
tensor(10738),1
tensor(10740),1
tensor(10742),1
tensor(10756),1
tensor(10757),1
tensor(10758),1
tensor(10761),1
tensor(10762),1
tensor(10773),1
tensor(10778),1
tensor(10781),1
tensor(10791),0
tensor(10792),0
tensor(10796),0
tensor(10797),0
tensor(10801),0
tensor(10804),0
tensor(10806),0
tensor(10807),0
tensor(10816),0
tensor(10820),1
tensor(10828),0
tensor(10836),1
tensor(10838),1
tensor(10845),1
tensor(10856),1
tensor(10857),0
tensor(10858),1
tensor(10861),1
tensor(10865),1
tensor(10868),1
tensor(10874),1
tensor(10875),1
